Area_sqft,Bedrooms,Bathrooms,Stories,Parking,Location,Age_years,Price
3028,4,4.0,2,3.0,Bangalore,27.0,7291000
3107,5,4.0,2,3.0,Delhi,8.0,8778000
1630,4,4.0,3,3.0,Mumbai,14.0,6558000
628,2,2.0,3,0.0,Pune,4.0,1500000
1506,3,3.0,1,0.0,Hyderabad,12.0,3138000
3704,6,5.0,1,2.0,Hyderabad,4.0,6807000
4317,6,5.0,2,2.0,Hyderabad,10.0,8797000
3526,6,5.0,3,3.0,Delhi,9.0,10481000
2726,5,4.0,4,2.0,Pune,19.0,5745000
3594,5,4.0,4,3.0,Pune,12.0,7337000
3106,4,4.0,2,0.0,Hyderabad,8.0,6254000
1169,1,1.0,2,0.0,Delhi,20.0,2240000
2606,3,2.0,3,0.0,Mumbai,13.0,8321000
4209,5,5.0,3,1.0,Hyderabad,17.0,8134000
4153,6,5.0,3,3.0,Hyderabad,14.0,7657000
2053,3,3.0,1,0.0,Hyderabad,9.0,3697000
1337,2,2.0,1,3.0,Bangalore,23.0,3542000
3956,6,5.0,2,2.0,Chennai,30.0,6707000
1115,2,1.0,1,2.0,Chennai,6.0,3076000
2600,4,4.0,3,0.0,Bangalore,7.0,6238000
3770,5,4.0,3,3.0,Pune,27.0,7429000
3044,5,5.0,1,0.0,Hyderabad,2.0,6009000
4160,6,5.0,4,2.0,Bangalore,30.0,10297000
638,1,1.0,2,0.0,Bangalore,14.0,1954000
3942,6,5.0,4,3.0,Chennai,15.0,7481000
1486,2,2.0,2,2.0,Mumbai,3.0,5641000
3444,6,5.0,4,1.0,Hyderabad,20.0,5875000
2804,4,4.0,1,2.0,Chennai,5.0,5387000
1698,3,2.0,2,1.0,Pune,0.0,3651000
3531,6,5.0,2,0.0,Hyderabad,3.0,7341000
2423,3,3.0,2,0.0,Pune,10.0,4624000
3801,6,5.0,3,3.0,Hyderabad,11.0,7566000
2310,4,4.0,3,1.0,Hyderabad,25.0,3450000
1573,2,2.0,4,0.0,Delhi,28.0,2809000
3755,6,5.0,1,1.0,Delhi,4.0,11712000
3693,6,5.0,3,0.0,Mumbai,22.0,13032000
4130,6,5.0,2,2.0,Bangalore,28.0,10035000
2162,4,4.0,3,0.0,Hyderabad,20.0,3527000
4378,6,5.0,1,3.0,Pune,15.0,9565000
3496,4,4.0,3,2.0,Chennai,12.0,6562000
4053,6,5.0,2,3.0,Hyderabad,12.0,7548000
3395,6,5.0,4,2.0,Chennai,16.0,5963000
4111,6,5.0,2,1.0,Hyderabad,26.0,6880000
4275,6,5.0,1,3.0,Delhi,6.0,12246000
1588,1,1.0,4,0.0,Bangalore,7.0,3793000
620,1,1.0,3,1.0,Pune,12.0,1500000
2950,6,5.0,3,0.0,Bangalore,22.0,7994000
1468,3,3.0,3,2.0,Chennai,26.0,2228000
683,1,1.0,4,2.0,Chennai,15.0,1500000
4445,6,5.0,2,0.0,Hyderabad,29.0,7493000
2282,3,2.0,4,0.0,Delhi,28.0,4750000
2576,4,4.0,4,1.0,Mumbai,30.0,9211000
4124,6,5.0,1,0.0,Delhi,3.0,11602000
2010,3,3.0,4,3.0,Delhi,7.0,6080000
2130,4,4.0,3,3.0,Pune,15.0,4789000
3928,5,5.0,2,0.0,Delhi,30.0,10492000
1169,3,2.0,2,3.0,Hyderabad,20.0,2883000
1533,2,2.0,2,0.0,Hyderabad,9.0,2621000
4198,6,5.0,3,1.0,Hyderabad,24.0,7823000
3833,5,5.0,3,3.0,Bangalore,11.0,10286000
2580,4,4.0,3,3.0,Bangalore,11.0,7091000
3834,6,5.0,3,0.0,Bangalore,25.0,8994000
2455,3,3.0,3,3.0,Mumbai,4.0,9497000
3656,5,5.0,4,2.0,Bangalore,15.0,8753000
1392,2,1.0,3,1.0,Bangalore,0.0,3829000
1391,3,2.0,3,1.0,Chennai,27.0,2056000
4195,5,5.0,3,3.0,Hyderabad,8.0,8008000
2409,3,3.0,3,3.0,Mumbai,11.0,8051000
1894,3,3.0,2,2.0,Hyderabad,4.0,3547000
3139,4,3.0,3,2.0,Delhi,21.0,8176000
2855,4,3.0,4,3.0,Mumbai,19.0,10769000
4210,5,5.0,4,3.0,Hyderabad,21.0,7993000
2207,4,4.0,4,2.0,Hyderabad,27.0,4655000
1683,3,2.0,1,0.0,Mumbai,23.0,6062000
3077,4,3.0,2,2.0,Pune,2.0,6866000
1584,3,3.0,3,0.0,Mumbai,4.0,6139000
2280,5,4.0,1,1.0,Mumbai,1.0,8385000
4276,6,5.0,3,1.0,Hyderabad,13.0,9022000
3980,6,5.0,1,2.0,Bangalore,1.0,9674000
1119,1,1.0,1,0.0,Hyderabad,12.0,1698000
1190,2,2.0,4,2.0,Delhi,6.0,4282000
1650,2,2.0,4,2.0,Pune,9.0,4133000
2309,5,5.0,1,,Bangalore,12.0,5431000
4233,6,5.0,4,2.0,Hyderabad,15.0,7915000
2635,4,4.0,1,1.0,Bangalore,25.0,5689000
2846,4,3.0,2,3.0,Bangalore,13.0,6221000
3034,6,5.0,4,3.0,Mumbai,10.0,11874000
948,3,3.0,4,2.0,Pune,9.0,2458000
1559,4,4.0,4,0.0,Delhi,5.0,5839000
2563,5,4.0,2,0.0,Chennai,3.0,5331000
1292,2,1.0,1,1.0,Hyderabad,20.0,1969000
2159,4,4.0,3,0.0,Pune,0.0,4874000
4499,6,5.0,4,0.0,Mumbai,6.0,16244000
977,2,1.0,1,1.0,Chennai,23.0,1500000
3546,6,5.0,2,2.0,Mumbai,8.0,13242000
3563,5,5.0,3,3.0,Chennai,7.0,7884000
4229,6,5.0,4,1.0,Chennai,4.0,7398000
1126,2,2.0,2,2.0,Chennai,18.0,1922000
3824,4,,2,1.0,Hyderabad,9.0,7284000
3381,6,5.0,3,2.0,Hyderabad,10.0,6741000
2853,4,3.0,1,1.0,Hyderabad,24.0,5540000
3102,4,4.0,4,2.0,Pune,14.0,6943000
3944,5,5.0,4,1.0,Bangalore,5.0,9718000
1859,3,3.0,1,2.0,Chennai,14.0,3495000
2475,4,3.0,1,1.0,Delhi,4.0,6758000
2363,3,3.0,1,3.0,Bangalore,28.0,5014000
1120,2,2.0,3,3.0,Bangalore,18.0,2942000
2301,4,4.0,3,0.0,Mumbai,21.0,8700000
1616,4,4.0,4,2.0,Bangalore,18.0,4956000
3603,5,4.0,3,1.0,Hyderabad,9.0,6848000
3373,5,5.0,2,2.0,Bangalore,11.0,9049000
1613,3,3.0,4,3.0,Hyderabad,21.0,3489000
3148,6,5.0,3,2.0,Delhi,3.0,9085000
716,1,1.0,1,1.0,Mumbai,30.0,1699000
3033,6,5.0,2,2.0,Pune,17.0,6665000
1967,2,2.0,1,1.0,Delhi,15.0,5407000
1183,1,1.0,4,3.0,Mumbai,7.0,4327000
994,2,2.0,1,3.0,Hyderabad,3.0,2060000
1687,2,1.0,3,3.0,Delhi,24.0,4356000
4388,6,5.0,3,0.0,Chennai,22.0,6970000
3368,5,5.0,4,3.0,Mumbai,11.0,12501000
671,2,2.0,1,2.0,Delhi,1.0,2515000
4460,6,5.0,4,0.0,Bangalore,,11069000
873,1,1.0,1,3.0,Hyderabad,4.0,2481000
2613,5,4.0,2,2.0,Bangalore,,7964000
1943,3,3.0,3,,Chennai,8.0,4312000
937,1,1.0,4,2.0,Mumbai,28.0,2053000
1989,3,3.0,2,1.0,Delhi,20.0,4963000
4166,6,5.0,2,0.0,Hyderabad,17.0,7405000
1206,3,3.0,4,2.0,Chennai,10.0,1935000
765,1,1.0,4,1.0,Bangalore,2.0,1869000
2167,3,3.0,2,3.0,Bangalore,29.0,4950000
2658,4,4.0,1,2.0,Hyderabad,30.0,4293000
1924,3,2.0,2,1.0,Bangalore,24.0,4295000
1328,1,1.0,4,2.0,Delhi,22.0,2647000
3448,5,5.0,2,0.0,Bangalore,1.0,8636000
2643,5,5.0,1,0.0,Chennai,8.0,5076000
701,2,2.0,3,3.0,Pune,13.0,2032000
4096,6,5.0,3,2.0,Bangalore,3.0,10940000
2015,2,2.0,2,1.0,Delhi,28.0,4960000
1378,2,2.0,1,3.0,Delhi,8.0,3954000
813,1,1.0,3,2.0,Bangalore,30.0,1557000
4362,6,5.0,2,3.0,Chennai,12.0,7577000
1711,3,3.0,2,1.0,Bangalore,17.0,4073000
2176,3,3.0,1,3.0,Bangalore,14.0,4982000
3048,4,4.0,4,3.0,Hyderabad,27.0,6130000
3235,5,5.0,2,3.0,Pune,9.0,7158000
3536,5,4.0,4,2.0,Chennai,15.0,6957000
3717,5,4.0,4,1.0,Hyderabad,11.0,7196000
2295,3,3.0,3,0.0,Bangalore,19.0,4852000
4134,6,5.0,4,2.0,Delhi,4.0,12207000
1191,3,3.0,1,0.0,Bangalore,1.0,3851000
1933,3,3.0,3,0.0,Hyderabad,9.0,3686000
1709,3,3.0,3,,Chennai,0.0,3870000
2739,4,4.0,3,2.0,Delhi,6.0,7828000
4331,6,5.0,2,1.0,Bangalore,25.0,10222000
3320,4,4.0,2,1.0,Pune,16.0,6713000
1313,1,1.0,4,3.0,Mumbai,15.0,4457000
1535,3,2.0,3,0.0,Bangalore,26.0,2794000
2551,4,3.0,3,1.0,Mumbai,26.0,9367000
841,2,1.0,1,3.0,Bangalore,23.0,2273000
2643,4,4.0,4,1.0,Pune,2.0,5819000
601,1,1.0,1,2.0,Pune,13.0,1500000
2872,4,3.0,4,1.0,Chennai,9.0,4517000
3448,6,5.0,4,0.0,Hyderabad,21.0,5448000
2368,3,3.0,2,1.0,Mumbai,6.0,9120000
2549,3,3.0,2,0.0,Bangalore,25.0,5653000
3236,5,5.0,1,2.0,Hyderabad,16.0,6150000
2763,3,2.0,4,0.0,Hyderabad,29.0,4346000
4337,6,5.0,3,1.0,Pune,5.0,10881000
1517,2,2.0,2,3.0,Pune,22.0,3453000
3774,6,5.0,3,2.0,Hyderabad,21.0,6623000
2841,4,4.0,1,1.0,Chennai,3.0,4462000
3837,6,5.0,2,2.0,Bangalore,16.0,10165000
3518,5,5.0,2,2.0,Pune,26.0,7459000
689,1,1.0,4,1.0,Hyderabad,8.0,1811000
2309,4,4.0,1,1.0,Pune,3.0,4844000
2769,4,4.0,4,3.0,Bangalore,6.0,7757000
742,2,2.0,2,2.0,Delhi,22.0,1709000
3641,6,5.0,1,2.0,Hyderabad,1.0,7818000
705,1,1.0,2,1.0,Bangalore,16.0,2022000
1486,2,2.0,1,0.0,Hyderabad,23.0,1832000
1027,2,2.0,2,1.0,Delhi,7.0,3696000
1928,4,4.0,3,2.0,Delhi,22.0,5655000
2495,4,4.0,3,1.0,Bangalore,29.0,6060000
2594,3,3.0,4,3.0,Pune,30.0,4375000
916,1,1.0,3,0.0,Mumbai,14.0,3097000
2586,4,3.0,2,1.0,Chennai,30.0,3623000
1234,2,2.0,2,3.0,Chennai,14.0,2685000
2525,5,5.0,3,2.0,Bangalore,,7831000
2656,5,4.0,4,1.0,Hyderabad,15.0,5454000
3421,5,5.0,3,2.0,Delhi,18.0,9170000
3744,5,5.0,1,3.0,Delhi,10.0,10979000
4030,6,5.0,1,2.0,Pune,1.0,9077000
2870,5,5.0,1,3.0,Bangalore,22.0,8316000
2039,3,2.0,3,3.0,Bangalore,23.0,5074000
1152,1,1.0,3,3.0,Mumbai,16.0,3824000
4041,6,5.0,3,1.0,Delhi,,11209000
1315,2,2.0,1,2.0,Delhi,25.0,3197000
1887,3,3.0,4,2.0,Mumbai,15.0,7074000
2313,3,3.0,2,0.0,Pune,24.0,3688000
2483,3,3.0,3,0.0,Hyderabad,14.0,4313000
3989,6,5.0,4,0.0,Hyderabad,12.0,7579000
1707,2,2.0,2,0.0,Delhi,14.0,4303000
1941,2,1.0,2,2.0,Pune,26.0,3034000
710,1,1.0,2,3.0,Hyderabad,3.0,2014000
850,1,1.0,4,3.0,Hyderabad,15.0,1500000
3030,5,5.0,4,1.0,Pune,,5527000
2654,4,3.0,1,3.0,Hyderabad,11.0,5561000
1058,2,2.0,4,2.0,Hyderabad,29.0,2101000
1707,3,3.0,4,2.0,Chennai,3.0,3151000
807,1,1.0,4,2.0,Pune,2.0,1500000
1499,2,2.0,2,1.0,Pune,21.0,2219000
4061,6,5.0,3,0.0,Bangalore,16.0,9824000
3985,5,5.0,1,3.0,Pune,21.0,8647000
621,1,1.0,3,2.0,Bangalore,17.0,1500000
1009,2,2.0,3,2.0,Bangalore,24.0,2034000
1494,3,3.0,4,0.0,Mumbai,17.0,5480000
1114,3,3.0,1,2.0,Pune,22.0,2347000
3798,5,5.0,3,3.0,Mumbai,27.0,12708000
1408,1,1.0,3,1.0,Pune,16.0,1836000
4371,6,5.0,1,2.0,Chennai,11.0,7120000
1473,3,3.0,4,,Hyderabad,22.0,4349000
613,2,2.0,3,2.0,Bangalore,20.0,2157000
1570,3,3.0,2,0.0,Bangalore,23.0,3255000
3625,6,5.0,3,2.0,Bangalore,3.0,10282000
3661,6,5.0,2,2.0,Delhi,30.0,9592000
3683,6,5.0,4,1.0,Bangalore,11.0,10037000
2734,3,3.0,3,0.0,Delhi,30.0,6692000
4195,6,5.0,1,0.0,Pune,25.0,7687000
3556,6,5.0,1,1.0,Mumbai,,12859000
2160,4,4.0,3,2.0,Chennai,21.0,4098000
1924,4,4.0,4,3.0,Chennai,20.0,4163000
1866,3,3.0,4,0.0,Chennai,19.0,3275000
2769,4,4.0,1,0.0,Hyderabad,14.0,5046000
3818,6,5.0,3,2.0,Mumbai,22.0,14068000
4238,6,5.0,4,2.0,Bangalore,27.0,11547000
1349,2,2.0,1,0.0,Hyderabad,15.0,2803000
4027,6,5.0,2,2.0,Pune,4.0,8956000
1284,3,3.0,3,3.0,Hyderabad,20.0,2661000
2527,4,3.0,2,0.0,Delhi,14.0,6714000
4404,6,5.0,2,3.0,Delhi,16.0,11672000
4302,6,5.0,4,3.0,Delhi,17.0,12512000
2956,5,4.0,4,2.0,Bangalore,4.0,7560000
1294,2,1.0,4,3.0,Hyderabad,12.0,2585000
2935,5,5.0,3,2.0,Delhi,18.0,8789000
906,2,2.0,2,1.0,Chennai,29.0,1500000
4483,6,5.0,3,2.0,Delhi,12.0,12313000
4265,6,5.0,4,3.0,Delhi,17.0,11492000
2589,4,4.0,2,1.0,Mumbai,13.0,9942000
3561,6,5.0,3,2.0,Bangalore,29.0,8266000
4394,6,5.0,3,3.0,Bangalore,3.0,11199000
1261,1,1.0,1,0.0,Mumbai,3.0,3414000
1148,2,2.0,3,0.0,Bangalore,19.0,2576000
4023,6,5.0,4,2.0,Hyderabad,19.0,7503000
911,1,1.0,3,2.0,Chennai,18.0,1576000
3520,6,5.0,2,0.0,Delhi,12.0,9281000
1682,3,3.0,3,3.0,Pune,11.0,4431000
4314,6,5.0,1,3.0,Chennai,6.0,7120000
3571,6,5.0,2,3.0,Hyderabad,24.0,6760000
2337,4,4.0,2,2.0,Pune,11.0,5306000
1354,2,2.0,1,1.0,Delhi,20.0,3408000
634,2,1.0,4,1.0,Hyderabad,3.0,1875000
1044,2,1.0,2,1.0,Chennai,26.0,1736000
2740,4,4.0,4,1.0,Delhi,1.0,8873000
2582,3,2.0,2,1.0,Mumbai,1.0,9240000
1830,3,3.0,2,2.0,Pune,4.0,3847000
952,2,2.0,4,2.0,Pune,22.0,2349000
1502,2,2.0,2,1.0,Bangalore,9.0,3609000
1955,1,1.0,4,2.0,Bangalore,9.0,5343000
4488,6,5.0,1,2.0,Mumbai,8.0,15841000
3509,6,5.0,4,1.0,Mumbai,12.0,12530000
2348,4,4.0,1,3.0,Delhi,6.0,7227000
758,1,1.0,2,2.0,Delhi,4.0,1569000
2577,4,4.0,4,3.0,Chennai,25.0,4469000
1556,2,2.0,2,2.0,Chennai,9.0,2758000
2671,4,4.0,4,2.0,Mumbai,9.0,10162000
1003,1,1.0,1,1.0,Pune,5.0,1562000
3452,6,5.0,1,2.0,Pune,26.0,6579000
1115,3,3.0,4,0.0,Mumbai,27.0,4421000
3379,4,3.0,1,0.0,Delhi,18.0,8633000
1987,4,4.0,2,1.0,Bangalore,20.0,5415000
4053,6,5.0,2,3.0,Bangalore,7.0,10285000
3179,6,5.0,3,3.0,Hyderabad,0.0,7111000
1555,2,1.0,1,3.0,Chennai,27.0,2349000
2799,4,3.0,2,0.0,Hyderabad,16.0,5752000
4233,6,5.0,4,3.0,Chennai,6.0,8057000
2312,3,3.0,1,3.0,Chennai,13.0,4129000
3594,6,5.0,2,1.0,Bangalore,20.0,9386000
1207,1,1.0,1,3.0,Pune,29.0,1677000
4288,6,5.0,4,0.0,Hyderabad,20.0,7874000
3067,5,5.0,2,0.0,Hyderabad,16.0,6206000
1873,3,2.0,3,0.0,Mumbai,8.0,6446000
3788,6,5.0,3,1.0,Bangalore,16.0,9635000
3513,6,5.0,1,1.0,Hyderabad,4.0,7912000
2135,4,4.0,4,2.0,Chennai,25.0,4395000
4411,5,4.0,2,3.0,Mumbai,24.0,15408000
3225,5,4.0,4,1.0,Hyderabad,29.0,5560000
2982,5,4.0,2,0.0,Pune,30.0,5257000
2041,2,2.0,1,0.0,Hyderabad,19.0,2582000
3579,6,5.0,2,1.0,Hyderabad,28.0,7133000
2397,4,4.0,4,1.0,Chennai,7.0,5439000
894,1,1.0,4,1.0,Chennai,5.0,1518000
1354,3,3.0,1,2.0,Pune,10.0,3401000
1994,3,3.0,4,0.0,Mumbai,30.0,6606000
785,2,1.0,2,2.0,Delhi,18.0,2786000
1869,2,2.0,1,2.0,Chennai,3.0,3683000
1236,2,2.0,2,3.0,Bangalore,17.0,3199000
1891,2,2.0,4,0.0,Mumbai,0.0,6700000
4314,5,4.0,1,0.0,Bangalore,12.0,10270000
3908,6,5.0,2,1.0,Chennai,13.0,6832000
1129,3,3.0,4,1.0,Hyderabad,23.0,2369000
4223,6,5.0,4,3.0,Hyderabad,0.0,8747000
2668,4,4.0,3,2.0,Delhi,29.0,6942000
3558,5,,4,1.0,Mumbai,28.0,11769000
4408,6,5.0,2,1.0,Pune,10.0,9391000
3514,5,5.0,1,0.0,Bangalore,16.0,8421000
1393,2,2.0,3,0.0,Hyderabad,3.0,3718000
4191,6,5.0,4,1.0,Hyderabad,25.0,7045000
2747,5,5.0,4,0.0,Bangalore,11.0,7516000
3399,5,4.0,4,3.0,Chennai,9.0,6552000
1077,2,2.0,2,1.0,Pune,30.0,2741000
2222,4,,3,0.0,Pune,5.0,5317000
3969,6,5.0,2,3.0,Bangalore,24.0,9947000
1539,3,3.0,3,0.0,Delhi,0.0,4794000
1125,1,1.0,1,0.0,Mumbai,6.0,3418000
2981,5,5.0,2,0.0,Chennai,25.0,5114000
601,1,1.0,2,1.0,Pune,26.0,1500000
974,1,1.0,1,2.0,Bangalore,20.0,1500000
2940,5,5.0,3,0.0,Bangalore,27.0,7475000
3484,4,4.0,4,3.0,Bangalore,30.0,7355000
3652,5,5.0,1,1.0,Mumbai,15.0,12732000
1152,1,1.0,4,1.0,Hyderabad,23.0,1500000
2965,5,5.0,4,3.0,Hyderabad,13.0,6061000
2125,4,3.0,1,0.0,Hyderabad,22.0,3670000
2451,3,2.0,3,2.0,Hyderabad,19.0,4824000
980,2,2.0,4,0.0,Mumbai,19.0,4000000
2246,4,4.0,1,3.0,Pune,5.0,4914000
613,2,2.0,2,1.0,Chennai,21.0,1500000
1103,2,1.0,2,2.0,Hyderabad,24.0,3781000
2878,5,5.0,2,1.0,Chennai,27.0,4769000
2608,4,4.0,1,3.0,Chennai,4.0,4800000
3755,6,5.0,2,0.0,Hyderabad,23.0,6310000
729,1,1.0,4,2.0,Chennai,,1500000
4414,6,5.0,2,1.0,Bangalore,17.0,10468000
1437,2,2.0,2,1.0,Pune,14.0,2746000
3816,6,5.0,4,1.0,Pune,5.0,8451000
3538,6,5.0,2,0.0,Hyderabad,24.0,6293000
2640,4,4.0,4,2.0,Bangalore,28.0,5906000
627,1,1.0,2,0.0,Pune,18.0,1500000
2713,5,5.0,4,0.0,Chennai,0.0,5679000
3834,6,5.0,2,0.0,Mumbai,0.0,14357000
1852,2,1.0,4,3.0,Pune,12.0,3121000
860,1,1.0,1,3.0,Hyderabad,2.0,2128000
2646,5,5.0,4,3.0,Hyderabad,9.0,4931000
2072,3,3.0,2,2.0,Pune,20.0,4095000
2047,4,3.0,2,0.0,Hyderabad,2.0,4569000
1059,2,2.0,3,0.0,Pune,8.0,2883000
4347,6,5.0,4,3.0,Delhi,7.0,12805000
900,1,1.0,1,0.0,Chennai,2.0,1908000
3566,6,5.0,4,0.0,Bangalore,24.0,8499000
3974,6,5.0,4,1.0,Pune,30.0,7601000
2934,4,3.0,1,0.0,Chennai,12.0,6194000
4066,6,5.0,4,1.0,Chennai,5.0,8081000
3681,5,5.0,1,0.0,Delhi,12.0,9408000
4378,6,5.0,1,2.0,Bangalore,22.0,9616000
1229,2,2.0,4,3.0,Delhi,19.0,3422000
869,1,1.0,4,1.0,Delhi,19.0,2787000
3239,5,5.0,2,3.0,Hyderabad,11.0,6608000
2593,4,4.0,2,1.0,Hyderabad,12.0,3867000
2228,4,3.0,3,1.0,Hyderabad,1.0,4688000
2401,4,3.0,3,1.0,Hyderabad,20.0,4370000
3491,6,5.0,4,2.0,Hyderabad,23.0,5524000
1461,2,1.0,1,0.0,Pune,22.0,2286000
4032,6,5.0,3,1.0,Hyderabad,15.0,7086000
1880,3,3.0,4,2.0,Bangalore,22.0,3780000
2780,4,3.0,3,1.0,Mumbai,5.0,10993000
3947,5,5.0,1,0.0,Hyderabad,18.0,6342000
2399,4,4.0,4,1.0,Mumbai,20.0,8313000
2306,2,1.0,1,2.0,Bangalore,12.0,4942000
3619,6,5.0,4,0.0,Hyderabad,16.0,6870000
3160,4,4.0,3,2.0,Pune,22.0,7225000
2960,4,4.0,2,0.0,Pune,8.0,5514000
1175,1,1.0,3,0.0,Delhi,16.0,2647000
3533,5,4.0,3,3.0,Mumbai,28.0,12456000
2603,4,4.0,2,3.0,Mumbai,1.0,9670000
1907,4,4.0,2,3.0,Bangalore,18.0,5023000
3792,5,4.0,4,0.0,Hyderabad,18.0,7055000
3778,6,5.0,4,1.0,Mumbai,23.0,13057000
2556,6,5.0,1,2.0,Mumbai,6.0,9860000
3334,5,5.0,1,2.0,Delhi,21.0,8931000
2620,4,4.0,3,2.0,Bangalore,30.0,6140000
3875,5,4.0,2,3.0,Bangalore,9.0,9934000
2812,4,3.0,1,0.0,Mumbai,9.0,10137000
2952,4,4.0,3,3.0,Bangalore,26.0,8148000
4168,6,5.0,2,1.0,Delhi,19.0,9999000
2255,4,4.0,4,0.0,Mumbai,8.0,8372000
2179,2,1.0,3,2.0,Chennai,16.0,2828000
2447,4,4.0,4,3.0,Mumbai,26.0,8698000
2803,5,5.0,1,3.0,Mumbai,14.0,10950000
1990,3,2.0,1,1.0,Hyderabad,1.0,4559000
2342,3,3.0,2,1.0,Delhi,30.0,6403000
2525,3,3.0,3,3.0,Chennai,29.0,4728000
1219,1,1.0,4,1.0,Mumbai,3.0,4479000
1874,3,3.0,2,2.0,Bangalore,18.0,5365000
1556,2,1.0,1,1.0,Delhi,16.0,4683000
2539,4,4.0,1,1.0,Bangalore,4.0,6691000
2981,6,5.0,3,3.0,Hyderabad,6.0,7220000
4313,6,5.0,4,3.0,Delhi,17.0,12227000
1568,2,2.0,3,0.0,Hyderabad,20.0,3197000
3158,5,5.0,4,0.0,Bangalore,21.0,7636000
1916,3,3.0,4,3.0,Delhi,26.0,5054000
1643,2,1.0,3,1.0,Delhi,6.0,4043000
881,2,2.0,2,1.0,Chennai,16.0,1500000
3444,5,4.0,3,0.0,Pune,6.0,7307000
3672,4,4.0,3,0.0,Chennai,3.0,6003000
2766,4,4.0,1,0.0,Bangalore,7.0,6719000
1658,2,1.0,1,2.0,Bangalore,12.0,3659000
797,2,2.0,3,2.0,Pune,3.0,1851000
3132,4,4.0,3,0.0,Mumbai,5.0,11805000
4428,6,5.0,1,1.0,Mumbai,24.0,15846000
1682,2,1.0,4,0.0,Mumbai,4.0,6558000
3484,6,5.0,3,2.0,Hyderabad,29.0,6389000
1784,4,3.0,2,1.0,Chennai,11.0,3491000
1608,3,3.0,2,2.0,Hyderabad,3.0,3135000
3338,4,3.0,2,1.0,Chennai,23.0,5466000
1829,3,2.0,3,2.0,Chennai,28.0,2985000
1635,3,2.0,4,1.0,Delhi,8.0,6316000
1089,2,2.0,4,1.0,Bangalore,3.0,3795000
875,2,2.0,1,1.0,Hyderabad,18.0,1670000
3340,5,5.0,3,1.0,Hyderabad,23.0,6074000
2889,4,4.0,4,3.0,Mumbai,13.0,11260000
1839,2,2.0,3,2.0,Pune,4.0,3668000
1874,2,2.0,1,2.0,Hyderabad,17.0,3766000
4482,6,5.0,1,3.0,Hyderabad,9.0,8074000
725,1,1.0,1,1.0,Pune,24.0,1500000
816,1,1.0,2,1.0,Hyderabad,18.0,1500000
3977,6,5.0,3,2.0,Mumbai,11.0,14868000
4468,6,5.0,1,3.0,Pune,17.0,9336000
1808,4,4.0,3,1.0,Hyderabad,16.0,3461000
3710,6,5.0,2,1.0,Hyderabad,29.0,6075000
1846,3,3.0,2,1.0,Delhi,23.0,5525000
3855,6,5.0,1,0.0,Bangalore,10.0,9439000
3142,4,4.0,1,3.0,Bangalore,2.0,7875000
3074,4,4.0,4,1.0,Mumbai,22.0,11698000
3849,5,5.0,3,0.0,Delhi,16.0,10089000
1518,2,1.0,1,3.0,Delhi,0.0,5223000
4099,6,5.0,4,1.0,Mumbai,14.0,14201000
1917,3,3.0,3,2.0,Bangalore,27.0,4343000
2798,5,4.0,1,0.0,Hyderabad,8.0,5628000
3031,3,2.0,4,0.0,Mumbai,14.0,10280000
2261,3,3.0,4,1.0,Chennai,27.0,3712000
4484,6,5.0,3,1.0,Chennai,23.0,7273000
907,2,2.0,4,0.0,Delhi,27.0,1500000
1959,4,4.0,3,2.0,Hyderabad,28.0,4431000
2569,4,4.0,3,2.0,Chennai,2.0,5028000
3393,5,5.0,3,3.0,Hyderabad,21.0,6689000
1491,3,3.0,2,1.0,Chennai,26.0,2738000
974,1,1.0,4,2.0,Hyderabad,18.0,1905000
3679,5,5.0,3,3.0,Hyderabad,12.0,6934000
2633,3,3.0,1,2.0,Hyderabad,11.0,5424000
1964,3,2.0,2,1.0,Pune,19.0,4021000
728,1,1.0,2,3.0,Mumbai,0.0,3339000
1614,2,1.0,4,3.0,Pune,20.0,3382000
2399,3,2.0,3,3.0,Delhi,16.0,7509000
3316,6,5.0,4,2.0,Bangalore,12.0,8479000
4023,6,5.0,2,1.0,Bangalore,0.0,10646000
1981,3,3.0,3,3.0,Delhi,9.0,5765000
1116,2,2.0,1,0.0,Bangalore,14.0,1565000
2118,2,2.0,3,1.0,Delhi,26.0,4182000
685,1,1.0,2,0.0,Hyderabad,26.0,1500000
1798,4,4.0,1,0.0,Delhi,29.0,4251000
4473,6,5.0,3,3.0,Hyderabad,6.0,9956000
3864,6,5.0,1,3.0,Delhi,27.0,10888000
2958,5,4.0,1,2.0,Chennai,21.0,5560000
1742,2,2.0,2,2.0,Delhi,17.0,4327000
3889,6,5.0,1,2.0,Hyderabad,15.0,7399000
3074,4,3.0,4,1.0,Chennai,13.0,6552000
2593,4,4.0,2,2.0,Delhi,26.0,6366000
4085,6,5.0,4,0.0,Chennai,27.0,7002000
2761,3,3.0,1,2.0,Pune,17.0,6184000
3816,6,5.0,4,3.0,Pune,26.0,8510000
4209,5,5.0,3,2.0,Chennai,6.0,8623000
4319,6,5.0,1,1.0,Pune,16.0,8799000
902,1,1.0,3,1.0,Pune,28.0,1545000
3391,5,5.0,4,0.0,Delhi,17.0,9418000
1187,2,1.0,3,1.0,Hyderabad,11.0,2532000
1586,3,3.0,1,2.0,Bangalore,7.0,3908000
2463,3,3.0,3,3.0,Delhi,21.0,7162000
944,1,1.0,4,1.0,Delhi,30.0,2133000
1413,3,3.0,4,0.0,Chennai,29.0,2215000
2587,3,2.0,4,2.0,Pune,1.0,6636000
3448,5,5.0,1,0.0,Bangalore,6.0,8478000
3672,5,5.0,4,1.0,Hyderabad,3.0,7977000
3818,6,5.0,1,1.0,Chennai,17.0,7314000
1910,3,3.0,3,0.0,Bangalore,27.0,4634000
2599,4,4.0,4,2.0,Pune,5.0,5581000
2277,4,4.0,3,1.0,Hyderabad,26.0,4275000
3724,5,5.0,2,3.0,Delhi,30.0,10977000
1927,2,2.0,3,1.0,Delhi,8.0,4426000
1692,2,2.0,2,2.0,Pune,26.0,2933000
3008,4,3.0,3,1.0,Chennai,8.0,5982000
4273,6,5.0,1,0.0,Bangalore,13.0,10221000
3891,6,5.0,3,1.0,Mumbai,7.0,14681000
1609,3,3.0,1,1.0,Pune,30.0,3520000
1303,1,1.0,1,2.0,Hyderabad,18.0,2121000
1174,2,1.0,4,0.0,Delhi,2.0,3802000
2208,3,2.0,1,2.0,Mumbai,17.0,7677000
3832,6,5.0,2,1.0,Delhi,4.0,11196000
4352,6,5.0,4,3.0,Mumbai,13.0,16973000
1712,3,3.0,4,1.0,Pune,27.0,3303000
1287,3,3.0,3,2.0,Bangalore,29.0,2951000
3428,6,5.0,1,3.0,Delhi,3.0,10853000
3232,6,5.0,1,2.0,Delhi,6.0,9185000
4428,6,5.0,2,2.0,Hyderabad,19.0,7810000
3236,4,4.0,3,0.0,Hyderabad,24.0,5150000
3830,6,5.0,3,3.0,Bangalore,27.0,9340000
1088,1,1.0,4,1.0,Mumbai,11.0,3761000
3618,4,3.0,4,2.0,Delhi,1.0,10698000
1947,3,3.0,4,1.0,Hyderabad,10.0,3769000
4281,6,5.0,2,0.0,Pune,13.0,9032000
4052,6,5.0,2,0.0,Bangalore,21.0,10046000
3773,6,5.0,4,3.0,Delhi,30.0,10128000
1093,2,2.0,3,0.0,Mumbai,22.0,3989000
2267,3,3.0,2,0.0,Mumbai,15.0,8256000
2237,4,4.0,3,1.0,Chennai,19.0,3176000
618,1,1.0,3,0.0,Bangalore,28.0,1500000
4125,6,5.0,1,0.0,Bangalore,5.0,9994000
4153,6,5.0,4,2.0,Hyderabad,22.0,8411000
4265,6,5.0,1,0.0,Delhi,3.0,11633000
3044,5,5.0,4,2.0,Mumbai,14.0,10701000
1600,3,3.0,4,0.0,Delhi,23.0,4240000
3950,5,4.0,3,0.0,Delhi,24.0,9812000
1450,2,2.0,4,3.0,Chennai,0.0,3825000
1988,4,3.0,3,3.0,Mumbai,6.0,7517000
1954,2,2.0,3,2.0,Delhi,24.0,4981000
4312,6,5.0,4,0.0,Mumbai,30.0,15521000
1967,1,1.0,3,1.0,Bangalore,11.0,4985000
1421,4,4.0,3,3.0,Chennai,9.0,3803000
1054,1,1.0,3,1.0,Hyderabad,4.0,2067000
2224,4,4.0,2,3.0,Delhi,11.0,6954000
3372,5,5.0,3,3.0,Pune,17.0,7672000
4326,6,5.0,2,0.0,Bangalore,9.0,10116000
3736,6,5.0,2,3.0,Pune,5.0,8892000
3747,6,5.0,3,1.0,Pune,27.0,6944000
1310,2,1.0,3,3.0,Bangalore,11.0,3822000
2790,4,4.0,2,2.0,Hyderabad,6.0,5082000
1516,3,3.0,2,0.0,Pune,17.0,4024000
3475,6,5.0,3,0.0,Chennai,1.0,7132000
3252,5,5.0,3,2.0,Mumbai,9.0,11353000
2096,5,,4,2.0,Chennai,14.0,4564000
2040,3,3.0,2,2.0,Mumbai,29.0,6612000
904,2,2.0,2,3.0,Chennai,11.0,1771000
1335,3,2.0,4,0.0,Chennai,25.0,2168000
4168,6,5.0,2,2.0,Delhi,16.0,11119000
2938,4,,1,3.0,Bangalore,3.0,8176000
2563,5,5.0,2,2.0,Hyderabad,6.0,5947000
2749,4,4.0,4,1.0,Hyderabad,29.0,4954000
2609,3,3.0,1,1.0,Mumbai,8.0,9189000
3938,6,5.0,3,0.0,Pune,30.0,7895000
3514,5,5.0,4,3.0,Pune,18.0,8009000
3615,6,5.0,4,1.0,Hyderabad,27.0,6855000
4293,6,5.0,3,1.0,Hyderabad,26.0,6944000
3621,6,5.0,4,3.0,Hyderabad,22.0,6717000
3489,6,5.0,2,2.0,Bangalore,6.0,9123000
1561,2,1.0,3,3.0,Pune,22.0,2316000
3589,6,5.0,4,2.0,Bangalore,1.0,9914000
4448,6,5.0,3,1.0,Chennai,5.0,8828000
1626,3,3.0,3,1.0,Delhi,17.0,5223000
2732,5,5.0,3,1.0,Bangalore,5.0,7822000
4465,6,5.0,1,0.0,Chennai,12.0,7955000
2975,5,5.0,4,0.0,Mumbai,25.0,11573000
3463,5,4.0,1,0.0,Bangalore,18.0,8524000
2073,3,2.0,4,3.0,Pune,29.0,4522000
3101,4,4.0,2,1.0,Delhi,1.0,8198000
2547,3,3.0,2,1.0,Delhi,11.0,7604000
3276,5,5.0,2,3.0,Hyderabad,14.0,6733000
3892,6,5.0,4,0.0,Delhi,13.0,10846000
1777,3,3.0,3,3.0,Chennai,5.0,3739000
1264,2,2.0,3,0.0,Bangalore,17.0,2625000
611,1,1.0,1,1.0,Chennai,4.0,1874000
1756,3,3.0,1,2.0,Delhi,17.0,4885000
903,1,1.0,2,0.0,Chennai,2.0,1500000
3964,6,5.0,1,1.0,Bangalore,2.0,9779000
3622,6,5.0,4,1.0,Pune,21.0,7658000
3971,6,5.0,4,2.0,Bangalore,21.0,9724000
2363,4,4.0,1,1.0,Hyderabad,9.0,4366000
3430,5,5.0,1,1.0,Hyderabad,18.0,5554000
642,1,1.0,1,0.0,Hyderabad,2.0,1753000
1543,2,2.0,1,0.0,Hyderabad,28.0,1945000
2990,4,4.0,2,2.0,Hyderabad,11.0,5217000
1949,2,1.0,2,2.0,Pune,28.0,3138000
4485,6,5.0,1,1.0,Hyderabad,15.0,8387000
3145,4,4.0,4,0.0,Bangalore,16.0,7579000
3011,5,5.0,2,2.0,Delhi,6.0,9072000
1490,3,3.0,4,2.0,Chennai,12.0,3207000
3074,5,5.0,3,3.0,Pune,23.0,5972000
1604,3,3.0,4,2.0,Hyderabad,1.0,4365000
620,1,1.0,1,1.0,Hyderabad,3.0,1500000
1006,1,1.0,3,0.0,Hyderabad,9.0,1965000
3266,5,5.0,2,2.0,Hyderabad,6.0,6957000
1614,2,1.0,2,3.0,Bangalore,23.0,3564000
935,1,1.0,3,0.0,Hyderabad,16.0,1559000
2438,5,5.0,4,2.0,Hyderabad,19.0,4973000
3788,5,4.0,2,3.0,Hyderabad,5.0,7680000
1747,3,3.0,1,2.0,Chennai,18.0,3592000
3046,5,5.0,3,0.0,Hyderabad,4.0,5773000
3440,6,5.0,1,0.0,Bangalore,9.0,9006000
2427,5,5.0,3,0.0,Chennai,8.0,5704000
1314,1,1.0,2,1.0,Pune,26.0,2066000
650,1,1.0,4,2.0,Hyderabad,12.0,1500000
4454,6,5.0,3,1.0,Mumbai,18.0,16824000
923,1,1.0,3,0.0,Pune,20.0,1500000
1388,3,3.0,1,3.0,Hyderabad,23.0,2823000
740,2,1.0,2,2.0,Delhi,5.0,2667000
1069,2,2.0,1,1.0,Delhi,3.0,3515000
1386,2,2.0,2,2.0,Hyderabad,23.0,2165000
2425,5,5.0,1,3.0,Bangalore,26.0,6307000
1957,2,2.0,3,1.0,Mumbai,2.0,7658000
2516,4,4.0,1,0.0,Mumbai,2.0,9074000
1563,2,2.0,4,1.0,Hyderabad,3.0,3100000
3655,6,5.0,2,2.0,Hyderabad,24.0,6636000
972,1,1.0,2,2.0,Bangalore,4.0,2112000
4235,6,5.0,3,2.0,Chennai,7.0,7563000
3141,5,5.0,2,2.0,Pune,15.0,6413000
4210,6,5.0,4,0.0,Bangalore,21.0,10106000
2292,3,3.0,1,1.0,Chennai,2.0,4687000
3398,5,5.0,3,0.0,Mumbai,30.0,12290000
1779,3,2.0,4,0.0,Hyderabad,23.0,2992000
2938,4,4.0,2,0.0,Bangalore,11.0,7373000
2271,3,2.0,2,2.0,Pune,24.0,4382000
3815,6,5.0,4,2.0,Delhi,7.0,10164000
705,1,1.0,1,2.0,Chennai,12.0,1500000
2043,3,2.0,1,1.0,Chennai,3.0,4146000
3317,6,5.0,3,3.0,Hyderabad,13.0,7320000
2281,3,2.0,2,2.0,Chennai,13.0,4396000
601,2,2.0,4,1.0,Chennai,12.0,1500000
3236,5,5.0,1,2.0,Bangalore,26.0,6768000
3291,5,5.0,3,2.0,Bangalore,5.0,8262000
2737,5,4.0,2,0.0,Bangalore,16.0,6290000
4016,6,5.0,2,0.0,Hyderabad,3.0,8073000
949,2,2.0,3,0.0,Bangalore,7.0,2409000
4130,6,5.0,3,1.0,Hyderabad,16.0,8550000
1886,4,4.0,1,3.0,Bangalore,2.0,6354000
4022,6,5.0,4,3.0,Hyderabad,16.0,8760000
3779,5,5.0,2,1.0,Delhi,8.0,10141000
4257,6,5.0,4,2.0,Pune,1.0,9747000
1662,2,2.0,2,1.0,Pune,24.0,2657000
3556,6,5.0,2,2.0,Mumbai,12.0,13263000
2806,4,3.0,4,1.0,Chennai,19.0,4411000
4254,6,5.0,3,1.0,Hyderabad,1.0,9029000
3606,6,5.0,1,1.0,Chennai,19.0,5900000
2959,5,5.0,2,3.0,Pune,27.0,5222000
3912,6,5.0,3,0.0,Mumbai,10.0,15105000
1044,1,1.0,2,1.0,Chennai,26.0,1500000
2945,5,4.0,1,3.0,Hyderabad,25.0,4918000
1551,3,3.0,2,0.0,Bangalore,21.0,3501000
635,1,1.0,1,0.0,Bangalore,14.0,1500000
1707,1,1.0,1,1.0,Pune,10.0,3085000
2075,3,3.0,2,2.0,Chennai,22.0,3896000
2398,3,3.0,2,2.0,Bangalore,2.0,6649000
2445,4,4.0,1,2.0,Delhi,2.0,7505000
2008,2,2.0,3,1.0,Pune,27.0,3461000
1795,2,1.0,4,2.0,Bangalore,25.0,4534000
1999,4,3.0,1,3.0,Hyderabad,11.0,3261000
2308,3,3.0,2,3.0,Hyderabad,23.0,3793000
1985,3,3.0,2,3.0,Bangalore,4.0,5049000
3206,5,4.0,3,3.0,Hyderabad,19.0,6717000
3538,5,5.0,4,0.0,Hyderabad,6.0,6547000
2788,6,5.0,1,3.0,Bangalore,6.0,7212000
3534,5,4.0,1,2.0,Hyderabad,12.0,6916000
3789,6,5.0,4,1.0,Delhi,8.0,10509000
1900,4,4.0,1,2.0,Hyderabad,24.0,3415000
3373,6,5.0,4,3.0,Chennai,20.0,7663000
1843,2,2.0,2,0.0,Bangalore,12.0,4604000
3697,5,5.0,4,3.0,Delhi,11.0,10652000
1120,3,3.0,1,1.0,Hyderabad,12.0,2329000
2406,4,4.0,4,2.0,Bangalore,23.0,6521000
609,2,2.0,3,1.0,Delhi,9.0,2468000
1583,1,1.0,2,1.0,Delhi,0.0,4447000
3025,6,5.0,2,1.0,Mumbai,24.0,10882000
2256,3,3.0,4,2.0,Bangalore,7.0,5273000
2260,4,4.0,1,3.0,Hyderabad,21.0,3540000
3329,5,5.0,3,1.0,Pune,15.0,6936000
3231,4,4.0,2,2.0,Delhi,12.0,8678000
2799,3,2.0,2,0.0,Chennai,2.0,5082000
1319,1,1.0,1,2.0,Chennai,2.0,2555000
1672,3,2.0,1,0.0,Bangalore,23.0,3180000
3825,5,5.0,3,2.0,Mumbai,4.0,14222000
1458,1,1.0,4,3.0,Hyderabad,25.0,2173000
1916,3,3.0,1,1.0,Bangalore,10.0,5837000
2203,2,2.0,4,3.0,Chennai,29.0,3632000
649,2,2.0,3,2.0,Chennai,6.0,1500000
3311,3,3.0,4,1.0,Bangalore,20.0,8533000
3178,5,4.0,2,0.0,Hyderabad,23.0,5185000
4283,6,5.0,4,2.0,Pune,9.0,8779000
3731,6,5.0,3,1.0,Bangalore,9.0,10662000
3838,6,5.0,3,,Pune,19.0,7953000
3873,6,5.0,3,0.0,Hyderabad,1.0,8045000
3504,6,5.0,4,3.0,Chennai,2.0,7652000
745,2,2.0,2,2.0,Chennai,7.0,1755000
1514,2,2.0,1,0.0,Hyderabad,30.0,1615000
4347,6,5.0,2,1.0,Bangalore,,10564000
3640,6,5.0,4,0.0,Hyderabad,12.0,7844000
2062,3,3.0,4,0.0,Hyderabad,6.0,4205000
2889,5,5.0,1,3.0,Delhi,12.0,9200000
1180,3,3.0,4,3.0,Bangalore,1.0,4075000
3334,5,5.0,3,1.0,Mumbai,5.0,12006000
2184,2,2.0,3,3.0,Bangalore,8.0,4875000
1082,2,1.0,3,0.0,Pune,30.0,1833000
3779,6,5.0,3,0.0,Mumbai,19.0,14195000
1849,2,2.0,3,3.0,Pune,24.0,3150000
1272,2,1.0,4,0.0,Chennai,1.0,2802000
1230,2,2.0,1,0.0,Bangalore,17.0,1980000
3308,3,3.0,1,1.0,Bangalore,15.0,7274000
1261,1,1.0,3,3.0,Delhi,24.0,3310000
4103,6,5.0,4,0.0,Mumbai,11.0,13880000
3452,5,4.0,2,3.0,Delhi,6.0,10056000
4326,6,5.0,2,1.0,Hyderabad,6.0,7851000
3066,4,3.0,4,3.0,Mumbai,16.0,11404000
1587,4,4.0,3,0.0,Delhi,12.0,4746000
4126,6,5.0,1,3.0,Hyderabad,10.0,8519000
3831,5,5.0,4,0.0,Hyderabad,5.0,7252000
2146,3,3.0,2,0.0,Mumbai,28.0,6266000
1249,2,2.0,2,0.0,Chennai,22.0,1500000
1568,2,1.0,2,1.0,Mumbai,26.0,3943000
3237,5,4.0,3,3.0,Hyderabad,13.0,6787000
1700,2,2.0,2,1.0,Mumbai,5.0,7454000
3156,4,4.0,4,3.0,Hyderabad,5.0,6747000
1040,1,1.0,4,1.0,Hyderabad,1.0,3131000
3925,6,5.0,2,2.0,Hyderabad,21.0,7859000
1520,2,1.0,4,0.0,Mumbai,19.0,4740000
1369,2,2.0,2,0.0,Pune,24.0,2880000
1943,4,4.0,2,1.0,Chennai,14.0,3501000
2426,4,3.0,1,2.0,Bangalore,27.0,5380000
862,1,1.0,3,0.0,Delhi,16.0,1945000
4268,6,5.0,3,3.0,Bangalore,28.0,10272000
4329,6,5.0,1,1.0,Mumbai,7.0,15848000
2177,3,3.0,1,0.0,Chennai,4.0,3552000
4045,6,5.0,3,0.0,Bangalore,16.0,10299000
3284,5,5.0,2,1.0,Chennai,19.0,6180000
3838,6,5.0,2,1.0,Bangalore,0.0,10221000
4424,6,5.0,3,3.0,Mumbai,21.0,16762000
3106,3,3.0,2,3.0,Chennai,17.0,5907000
1598,3,3.0,1,0.0,Bangalore,14.0,4381000
3951,6,5.0,2,0.0,Delhi,4.0,11215000
1299,1,1.0,2,1.0,Bangalore,6.0,3304000
2949,4,4.0,4,0.0,Chennai,17.0,5316000
4202,6,5.0,4,0.0,Delhi,5.0,11916000
2203,4,3.0,4,1.0,Pune,21.0,4372000
1841,3,3.0,2,0.0,Hyderabad,20.0,1919000
1725,2,1.0,3,0.0,Delhi,4.0,5079000
3201,5,5.0,1,2.0,Pune,29.0,6827000
2935,5,5.0,2,3.0,Bangalore,18.0,7063000
1790,3,3.0,3,1.0,Hyderabad,30.0,3228000
3268,5,4.0,2,2.0,Mumbai,9.0,11687000
1605,4,3.0,1,3.0,Pune,14.0,3665000
635,1,1.0,2,,Chennai,9.0,2139000
1343,2,2.0,1,3.0,Delhi,26.0,2948000
2364,4,3.0,2,2.0,Mumbai,15.0,8084000
952,1,1.0,1,2.0,Hyderabad,11.0,2625000
4347,6,5.0,2,3.0,Bangalore,17.0,10751000
2522,4,3.0,1,0.0,Bangalore,22.0,6309000
672,1,1.0,4,0.0,Mumbai,0.0,1971000
3295,5,4.0,2,2.0,Hyderabad,15.0,5498000
1976,3,3.0,2,2.0,Chennai,21.0,2935000
2514,4,3.0,3,2.0,Mumbai,5.0,9249000
1693,1,1.0,3,3.0,Delhi,2.0,4282000
3072,4,4.0,1,0.0,Bangalore,1.0,7881000
3646,6,5.0,2,2.0,Mumbai,27.0,13079000
1307,2,1.0,1,,Hyderabad,1.0,2336000
2404,4,3.0,4,1.0,Mumbai,29.0,7819000
3208,5,4.0,3,3.0,Hyderabad,12.0,6119000
3475,5,5.0,1,1.0,Bangalore,8.0,8165000
4313,6,5.0,1,0.0,Mumbai,15.0,13589000
1555,3,3.0,3,,Hyderabad,26.0,2670000
3164,5,5.0,2,1.0,Bangalore,4.0,8099000
3075,4,4.0,1,1.0,Mumbai,22.0,10336000
4210,6,5.0,3,3.0,Mumbai,27.0,14391000
759,2,2.0,2,0.0,Pune,20.0,1756000
2796,5,5.0,4,1.0,Pune,6.0,7726000
3423,6,5.0,3,3.0,Chennai,12.0,6325000
3901,6,5.0,1,0.0,Bangalore,19.0,9987000
2335,3,2.0,4,2.0,Bangalore,23.0,5682000
2185,3,3.0,2,1.0,Hyderabad,28.0,3525000
666,2,2.0,2,0.0,Delhi,26.0,1500000
3661,6,5.0,3,1.0,Pune,29.0,7237000
4483,6,5.0,3,2.0,Bangalore,25.0,11334000
3028,5,5.0,3,0.0,Chennai,12.0,4990000
657,1,1.0,2,3.0,Delhi,26.0,1500000
3930,6,5.0,4,0.0,Hyderabad,25.0,7645000
941,1,1.0,2,3.0,Pune,6.0,2792000
1753,3,3.0,1,0.0,Chennai,9.0,2558000
3374,6,5.0,2,3.0,Pune,14.0,7445000
1795,3,3.0,1,2.0,Hyderabad,20.0,3637000
3417,5,4.0,4,2.0,Delhi,26.0,9623000
3261,5,5.0,3,2.0,Delhi,5.0,10179000
1832,2,2.0,3,0.0,Chennai,4.0,3457000
4474,6,5.0,2,2.0,Pune,22.0,9252000
3001,5,5.0,3,1.0,Delhi,27.0,8319000
2094,3,2.0,4,2.0,Pune,1.0,5715000
2421,3,3.0,3,3.0,Hyderabad,20.0,4311000
715,1,1.0,2,3.0,Chennai,14.0,1500000
3935,5,5.0,4,3.0,Pune,25.0,7577000
1261,2,1.0,1,0.0,Chennai,15.0,1500000
4483,6,5.0,2,1.0,Mumbai,30.0,15448000
2065,3,3.0,1,2.0,Delhi,18.0,5244000
4219,6,5.0,4,1.0,Delhi,8.0,11967000
3100,6,5.0,2,1.0,Chennai,28.0,6159000
2468,3,3.0,2,3.0,Hyderabad,21.0,5257000
4148,6,5.0,4,3.0,Delhi,28.0,12537000
2934,3,3.0,3,3.0,Mumbai,25.0,10923000
3974,6,5.0,2,0.0,Hyderabad,18.0,8373000
1616,2,2.0,2,1.0,Delhi,6.0,4797000
910,1,1.0,1,1.0,Delhi,3.0,2157000
807,1,1.0,3,0.0,Chennai,29.0,1500000
3265,4,4.0,1,0.0,Pune,2.0,7459000
3093,5,4.0,1,0.0,Bangalore,23.0,7176000
3317,5,5.0,3,1.0,Hyderabad,28.0,5949000
1232,2,1.0,3,1.0,Bangalore,19.0,2518000
2702,3,3.0,4,3.0,Mumbai,10.0,9752000
3559,6,5.0,3,3.0,Hyderabad,0.0,7900000
3683,6,5.0,2,1.0,Bangalore,5.0,9022000
1256,4,4.0,3,3.0,Bangalore,25.0,3781000
2023,3,3.0,4,0.0,Chennai,10.0,4458000
2531,5,5.0,4,2.0,Delhi,26.0,6218000
4319,6,5.0,4,3.0,Bangalore,0.0,10749000
3627,5,5.0,3,1.0,Bangalore,20.0,9145000
3162,6,5.0,3,3.0,Mumbai,6.0,12960000
2279,3,3.0,1,3.0,Chennai,30.0,3326000
4213,6,5.0,1,3.0,Bangalore,5.0,9883000
836,1,1.0,2,2.0,Chennai,13.0,2191000
3950,6,5.0,1,0.0,Hyderabad,1.0,7244000
947,1,1.0,2,1.0,Hyderabad,26.0,1500000
3274,5,5.0,4,2.0,Chennai,3.0,6758000
3775,5,5.0,1,1.0,Bangalore,10.0,8974000
1229,2,2.0,3,1.0,Delhi,14.0,3012000
2140,4,4.0,1,1.0,Bangalore,17.0,4900000
2603,4,4.0,2,2.0,Pune,26.0,6104000
1871,3,2.0,1,0.0,Pune,0.0,4621000
963,2,2.0,4,1.0,Hyderabad,30.0,1752000
2968,4,4.0,3,0.0,Pune,2.0,5322000
4304,6,5.0,2,0.0,Hyderabad,2.0,8515000
885,2,2.0,3,3.0,Delhi,30.0,2626000
748,2,2.0,3,2.0,Hyderabad,27.0,1500000
1707,3,3.0,2,2.0,Bangalore,6.0,4864000
3053,4,3.0,3,3.0,Hyderabad,0.0,6875000
3625,6,5.0,3,3.0,Delhi,24.0,10515000
1055,2,2.0,1,0.0,Chennai,10.0,1500000
2366,4,4.0,3,1.0,Pune,5.0,5444000
1399,2,2.0,3,2.0,Hyderabad,19.0,2939000
1784,2,1.0,3,1.0,Mumbai,2.0,6539000
1612,3,3.0,3,1.0,Hyderabad,30.0,3285000
3431,3,3.0,2,3.0,Delhi,18.0,9312000
3107,4,4.0,4,1.0,Hyderabad,1.0,6672000
4221,6,5.0,1,0.0,Hyderabad,17.0,7907000
2123,3,3.0,3,3.0,Hyderabad,29.0,3226000
3385,5,5.0,3,1.0,Chennai,11.0,6269000
3156,6,5.0,2,3.0,Chennai,28.0,5562000
4325,6,5.0,4,0.0,Hyderabad,9.0,8694000
4475,6,5.0,3,0.0,Mumbai,4.0,16332000
1080,2,2.0,2,1.0,Chennai,8.0,2048000
2286,3,2.0,1,3.0,Chennai,1.0,3834000
2761,3,3.0,1,1.0,Chennai,1.0,4162000
3396,6,5.0,3,1.0,Bangalore,27.0,8412000
2201,4,4.0,3,3.0,Chennai,5.0,4438000
3008,4,3.0,4,1.0,Hyderabad,28.0,5415000
940,1,1.0,4,0.0,Hyderabad,30.0,1500000
3417,6,5.0,3,3.0,Delhi,9.0,11052000
2610,3,2.0,2,3.0,Delhi,17.0,7391000
3408,5,5.0,4,3.0,Bangalore,11.0,9091000
3616,6,5.0,3,3.0,Bangalore,3.0,10700000
3096,6,5.0,4,1.0,Pune,21.0,7152000
2466,4,3.0,3,1.0,Bangalore,20.0,5711000
1434,3,3.0,1,0.0,Hyderabad,16.0,2610000
1803,2,2.0,3,2.0,Hyderabad,14.0,2372000
2325,4,4.0,1,2.0,Pune,5.0,5890000
4078,6,5.0,4,0.0,Pune,15.0,8260000
2289,2,2.0,3,2.0,Hyderabad,16.0,3025000
3867,6,5.0,4,0.0,Bangalore,2.0,9460000
4137,6,5.0,1,1.0,Bangalore,9.0,10718000
910,2,2.0,3,3.0,Pune,4.0,3504000
861,1,1.0,4,3.0,Hyderabad,13.0,1917000
2042,2,1.0,1,1.0,Hyderabad,25.0,2407000
1005,1,1.0,4,3.0,Mumbai,28.0,2596000
2790,4,,2,3.0,Hyderabad,20.0,6002000
941,2,2.0,1,2.0,Pune,,2384000
1939,4,4.0,1,1.0,Bangalore,25.0,4462000
3772,6,5.0,1,2.0,Hyderabad,5.0,7259000
843,1,1.0,3,2.0,Bangalore,30.0,1896000
1089,2,1.0,3,3.0,Mumbai,11.0,4592000
611,2,2.0,3,3.0,Mumbai,25.0,1922000
3910,6,5.0,2,1.0,Mumbai,7.0,13686000
1160,2,2.0,2,3.0,Bangalore,4.0,2960000
641,1,1.0,1,3.0,Pune,29.0,1500000
3325,5,5.0,2,1.0,Hyderabad,14.0,5963000
1193,1,1.0,4,3.0,Bangalore,26.0,3474000
2052,2,2.0,1,2.0,Delhi,15.0,5128000
2426,4,3.0,1,1.0,Hyderabad,0.0,4324000
3829,6,5.0,4,3.0,Hyderabad,15.0,7072000
3887,6,5.0,1,0.0,Hyderabad,4.0,7359000
2293,4,3.0,2,1.0,Hyderabad,2.0,3848000
4133,5,4.0,3,1.0,Hyderabad,19.0,7274000
733,1,1.0,4,0.0,Pune,14.0,1500000
3738,6,5.0,2,3.0,Chennai,30.0,7053000
3678,5,5.0,4,3.0,Delhi,12.0,10735000
1547,2,1.0,4,1.0,Mumbai,23.0,6156000
4197,6,5.0,1,1.0,Bangalore,15.0,10085000
672,1,1.0,1,3.0,Bangalore,22.0,1500000
998,2,,2,3.0,Bangalore,10.0,3685000
2028,4,4.0,4,2.0,Pune,20.0,4819000
4346,6,5.0,1,1.0,Bangalore,1.0,11330000
3225,5,5.0,1,1.0,Pune,21.0,5976000
3506,6,5.0,4,0.0,Bangalore,26.0,8431000
729,2,2.0,2,2.0,Chennai,5.0,1999000
3578,6,5.0,2,3.0,Chennai,25.0,6305000
4137,6,5.0,4,2.0,Bangalore,25.0,9246000
3877,6,5.0,2,3.0,Delhi,29.0,11964000
2411,4,4.0,1,3.0,Mumbai,26.0,8953000
2601,5,4.0,4,2.0,Hyderabad,5.0,5937000
4439,6,5.0,1,1.0,Delhi,13.0,12766000
865,1,1.0,3,3.0,Chennai,24.0,1683000
2160,3,3.0,3,2.0,Delhi,10.0,5935000
2585,3,3.0,2,0.0,Mumbai,7.0,9712000
1392,2,2.0,3,2.0,Chennai,7.0,3270000
2900,5,5.0,1,0.0,Hyderabad,0.0,5610000
3469,5,5.0,3,3.0,Bangalore,20.0,9170000
1912,3,2.0,1,2.0,Chennai,,3507000
763,2,2.0,2,2.0,Pune,,2286000
694,2,2.0,2,0.0,Bangalore,20.0,1817000
2405,4,4.0,1,2.0,Hyderabad,7.0,5627000
3480,5,5.0,3,2.0,Mumbai,18.0,12223000
1733,2,1.0,2,3.0,Delhi,21.0,4697000
2983,4,4.0,4,2.0,Chennai,30.0,5954000
1421,3,2.0,2,1.0,Hyderabad,20.0,2433000
837,1,1.0,3,0.0,Bangalore,23.0,1591000
3028,6,5.0,4,2.0,Hyderabad,19.0,7184000
4107,6,5.0,3,0.0,Delhi,7.0,11851000
3546,5,4.0,1,0.0,Hyderabad,25.0,5167000
3130,5,5.0,4,0.0,Chennai,13.0,5349000
2560,3,3.0,3,2.0,Bangalore,30.0,6111000
3549,6,5.0,4,2.0,Chennai,17.0,6885000
1648,4,,3,0.0,Pune,24.0,3483000
2276,3,3.0,4,1.0,Mumbai,28.0,8754000
3788,6,5.0,3,0.0,Hyderabad,15.0,6768000
3129,5,5.0,1,1.0,Hyderabad,8.0,6106000
4063,6,5.0,4,,Hyderabad,14.0,6623000
3564,5,5.0,4,3.0,Delhi,29.0,10389000
3641,6,5.0,4,0.0,Delhi,25.0,9464000
1563,3,3.0,4,0.0,Pune,9.0,4091000
1136,1,1.0,1,2.0,Pune,28.0,2107000
3750,6,5.0,4,1.0,Pune,21.0,8965000
2203,4,4.0,2,3.0,Hyderabad,15.0,4914000
3844,6,5.0,1,1.0,Delhi,3.0,10853000
2579,4,4.0,2,3.0,Bangalore,19.0,6788000
3683,5,4.0,4,0.0,Bangalore,12.0,8635000
4471,6,5.0,3,,Chennai,21.0,7904000
727,1,1.0,2,2.0,Hyderabad,4.0,1610000
4279,6,5.0,4,1.0,Hyderabad,21.0,7798000
691,1,1.0,2,2.0,Mumbai,6.0,2312000
4324,6,5.0,4,1.0,Hyderabad,22.0,8016000
1142,1,1.0,4,1.0,Pune,8.0,2844000
1445,2,2.0,4,3.0,Bangalore,7.0,3333000
4203,6,5.0,3,,Bangalore,28.0,9572000
2281,3,3.0,2,3.0,Bangalore,15.0,5859000
3636,4,4.0,1,2.0,Bangalore,5.0,7867000
2451,3,3.0,1,1.0,Pune,27.0,5222000
3094,4,3.0,1,1.0,Bangalore,15.0,6927000
989,1,1.0,1,0.0,Chennai,5.0,1500000
3319,5,5.0,4,1.0,Chennai,30.0,5463000
2484,4,4.0,2,1.0,Pune,13.0,5346000
642,1,1.0,2,0.0,Delhi,20.0,1500000
853,1,1.0,3,0.0,Mumbai,0.0,3760000
3801,6,5.0,2,2.0,Hyderabad,24.0,7201000
1683,3,3.0,2,1.0,Hyderabad,8.0,3036000
3310,5,4.0,2,2.0,Bangalore,24.0,7690000
3114,5,5.0,3,2.0,Pune,30.0,5525000
2934,4,4.0,1,0.0,Hyderabad,26.0,4144000
3658,6,5.0,2,3.0,Chennai,23.0,6800000
2140,4,4.0,3,2.0,Pune,12.0,4545000
4138,6,5.0,3,3.0,Bangalore,25.0,11087000
2553,5,5.0,4,1.0,Mumbai,28.0,9195000
3425,4,4.0,3,0.0,Hyderabad,18.0,5271000
2992,5,5.0,1,1.0,Hyderabad,16.0,5086000
1241,2,2.0,2,1.0,Mumbai,10.0,5058000
3029,4,3.0,3,0.0,Chennai,27.0,4577000
4450,6,5.0,1,1.0,Pune,27.0,9026000
1289,2,1.0,3,0.0,Chennai,7.0,2096000
1876,4,4.0,3,3.0,Bangalore,22.0,4779000
2550,4,,3,1.0,Mumbai,28.0,9330000
1679,2,2.0,3,0.0,Mumbai,4.0,5644000
2086,4,4.0,3,2.0,Pune,9.0,5216000
1056,2,2.0,1,1.0,Bangalore,6.0,2732000
1582,2,2.0,2,3.0,Pune,9.0,4024000
2730,4,4.0,2,0.0,Bangalore,3.0,7897000
1722,2,2.0,2,1.0,Hyderabad,8.0,3017000
748,1,1.0,2,1.0,Delhi,26.0,1500000
1952,3,3.0,1,1.0,Hyderabad,25.0,3516000
1779,2,2.0,4,3.0,Delhi,13.0,4644000
789,2,2.0,4,0.0,Chennai,1.0,2798000
4165,6,5.0,1,2.0,Hyderabad,24.0,8191000
1482,2,2.0,1,2.0,Chennai,8.0,2275000
2910,5,5.0,3,2.0,Delhi,20.0,7532000
3751,6,5.0,3,0.0,Mumbai,26.0,12433000
999,1,1.0,3,2.0,Mumbai,0.0,3464000
3411,5,5.0,2,3.0,Pune,22.0,7540000
1208,3,,3,0.0,Pune,9.0,3653000
3931,6,5.0,4,1.0,Mumbai,9.0,14809000
2395,4,4.0,2,3.0,Bangalore,19.0,6056000
2238,3,3.0,3,1.0,Chennai,24.0,3754000
2175,4,4.0,2,2.0,Bangalore,21.0,5058000
3432,6,5.0,4,3.0,Delhi,28.0,10255000
2748,5,5.0,3,0.0,Delhi,2.0,8481000
1982,2,2.0,4,3.0,Hyderabad,5.0,4555000
2003,3,2.0,4,1.0,Pune,28.0,3311000
1419,3,2.0,4,0.0,Delhi,25.0,3546000
3892,5,,3,3.0,Hyderabad,5.0,8216000
1419,2,2.0,1,3.0,Chennai,20.0,3138000
1019,3,3.0,3,3.0,Delhi,1.0,3697000
723,1,1.0,4,3.0,Hyderabad,25.0,1670000
1021,3,3.0,3,0.0,Pune,25.0,1645000
3902,6,5.0,4,1.0,Bangalore,17.0,10808000
4361,6,5.0,1,3.0,Delhi,22.0,11699000
3734,6,5.0,2,0.0,Delhi,1.0,11088000
2108,2,2.0,1,1.0,Delhi,11.0,5587000
4299,6,5.0,1,3.0,Chennai,21.0,8796000
4374,6,5.0,2,1.0,Delhi,4.0,12463000
2197,4,3.0,3,1.0,Mumbai,19.0,7578000
1367,2,1.0,2,0.0,Bangalore,6.0,3620000
2644,5,5.0,3,1.0,Mumbai,23.0,9854000
3130,5,4.0,3,0.0,Hyderabad,15.0,5711000
3166,4,4.0,4,3.0,Pune,19.0,6140000
2802,4,3.0,4,1.0,Bangalore,0.0,7170000
2739,5,4.0,2,1.0,Hyderabad,0.0,6239000
3629,4,3.0,1,2.0,Hyderabad,16.0,5470000
2149,4,3.0,2,3.0,Pune,26.0,4309000
3102,5,5.0,3,3.0,Bangalore,0.0,9202000
2364,3,3.0,4,2.0,Mumbai,20.0,8338000
2644,5,5.0,2,2.0,Hyderabad,19.0,6348000
3245,5,5.0,2,0.0,Bangalore,12.0,7182000
4316,6,5.0,4,0.0,Chennai,29.0,6547000
1109,1,1.0,4,1.0,Mumbai,8.0,2881000
1806,3,3.0,4,1.0,Bangalore,14.0,5669000
985,1,1.0,3,1.0,Pune,2.0,1822000
2197,2,1.0,4,1.0,Delhi,13.0,4774000
4402,5,4.0,1,0.0,Pune,22.0,7867000
3052,5,5.0,2,3.0,Bangalore,10.0,7473000
2893,5,5.0,4,1.0,Hyderabad,23.0,5202000
1341,2,2.0,4,3.0,Delhi,21.0,3874000
4262,5,4.0,3,1.0,Hyderabad,11.0,8180000
3308,5,5.0,3,2.0,Delhi,12.0,9472000
3297,5,5.0,2,1.0,Chennai,25.0,5563000
4142,6,5.0,1,1.0,Delhi,12.0,11140000
4497,6,5.0,2,1.0,Mumbai,0.0,15625000
2511,4,4.0,4,0.0,Delhi,23.0,5818000
2046,3,3.0,1,2.0,Bangalore,30.0,4344000
1500,4,3.0,1,1.0,Mumbai,9.0,5837000
2712,3,,1,1.0,Bangalore,2.0,6416000
3684,5,5.0,1,3.0,Chennai,23.0,5478000
2860,4,3.0,2,2.0,Pune,27.0,5558000
2609,4,3.0,3,1.0,Delhi,3.0,8441000
841,1,1.0,3,3.0,Delhi,15.0,2426000
3140,5,5.0,4,3.0,Mumbai,7.0,11783000
3884,6,5.0,3,0.0,Bangalore,15.0,9521000
4364,6,5.0,3,3.0,Chennai,26.0,7017000
2985,5,5.0,3,1.0,Mumbai,16.0,10298000
2620,3,2.0,3,0.0,Bangalore,18.0,6118000
772,1,1.0,4,0.0,Hyderabad,21.0,1538000
1271,2,2.0,2,1.0,Bangalore,14.0,3016000
763,1,1.0,1,2.0,Bangalore,15.0,1500000
1064,1,1.0,3,3.0,Bangalore,14.0,2911000
3642,6,5.0,2,0.0,Bangalore,24.0,9682000
1096,2,2.0,3,2.0,Hyderabad,1.0,2627000
1299,2,1.0,3,1.0,Hyderabad,10.0,2380000
3042,4,3.0,1,3.0,Delhi,0.0,8474000
1302,3,3.0,1,3.0,Chennai,14.0,3003000
2540,3,3.0,1,0.0,Bangalore,25.0,5104000
2955,4,4.0,3,3.0,Pune,18.0,6794000
2391,4,4.0,3,3.0,Hyderabad,3.0,5043000
782,1,1.0,3,3.0,Delhi,10.0,2688000
1228,3,3.0,1,3.0,Mumbai,4.0,5196000
4465,5,5.0,4,1.0,Hyderabad,2.0,9375000
3157,4,3.0,2,2.0,Bangalore,12.0,7954000
2331,4,4.0,4,1.0,Delhi,9.0,7643000
1145,2,1.0,3,1.0,Delhi,10.0,3322000
2187,4,3.0,3,0.0,Chennai,17.0,3701000
1223,2,2.0,4,3.0,Pune,1.0,3395000
4435,6,5.0,3,1.0,Hyderabad,6.0,8127000
1193,2,2.0,2,3.0,Delhi,8.0,4059000
1343,3,3.0,3,1.0,Bangalore,9.0,3450000
3898,5,5.0,2,1.0,Delhi,17.0,10626000
2368,4,3.0,4,0.0,Pune,22.0,5083000
4404,6,5.0,4,2.0,Pune,6.0,10369000
2059,4,4.0,3,,Chennai,26.0,3794000
2548,3,3.0,2,1.0,Bangalore,6.0,6781000
4093,6,5.0,3,0.0,Hyderabad,2.0,8360000
3201,5,5.0,1,3.0,Bangalore,11.0,8176000
2668,5,5.0,1,3.0,Hyderabad,6.0,6876000
3201,5,5.0,1,1.0,Mumbai,16.0,11125000
3044,5,5.0,1,2.0,Bangalore,25.0,7443000
3272,4,4.0,3,0.0,Hyderabad,0.0,7075000
704,1,1.0,1,2.0,Delhi,4.0,2944000
2839,4,3.0,2,3.0,Delhi,15.0,7986000
616,1,1.0,4,2.0,Delhi,14.0,2404000
3791,5,5.0,4,3.0,Delhi,1.0,11221000
992,2,2.0,1,0.0,Hyderabad,8.0,1644000
1024,1,1.0,1,0.0,Bangalore,30.0,1500000
2776,4,4.0,1,1.0,Mumbai,6.0,10465000
3801,5,5.0,3,1.0,Pune,3.0,8661000
1171,1,1.0,4,2.0,Hyderabad,19.0,1728000
4231,6,5.0,1,0.0,Mumbai,17.0,14838000
2676,4,3.0,2,0.0,Bangalore,20.0,7485000
1720,1,1.0,1,1.0,Bangalore,3.0,4610000
3681,6,5.0,4,3.0,Chennai,27.0,6208000
841,2,2.0,1,2.0,Pune,12.0,2490000
4497,5,4.0,4,2.0,Pune,0.0,9196000
2879,5,4.0,1,1.0,Hyderabad,27.0,3536000
1388,3,3.0,2,0.0,Delhi,23.0,3576000
3955,6,5.0,1,1.0,Bangalore,2.0,10927000
1314,1,1.0,2,1.0,Hyderabad,15.0,2755000
1358,3,2.0,2,1.0,Delhi,29.0,3523000
3449,5,5.0,1,1.0,Delhi,21.0,9002000
1375,2,2.0,2,3.0,Delhi,3.0,4648000
3373,6,5.0,3,3.0,Mumbai,24.0,12189000
2847,5,4.0,1,0.0,Pune,22.0,5273000
3592,5,5.0,1,1.0,Chennai,24.0,6450000
678,1,1.0,2,3.0,Hyderabad,15.0,1500000
3603,5,5.0,2,0.0,Bangalore,25.0,8915000
1455,3,3.0,1,1.0,Bangalore,18.0,3259000
3844,5,5.0,3,2.0,Bangalore,0.0,11142000
3114,4,3.0,2,3.0,Mumbai,4.0,10694000
3228,4,4.0,2,0.0,Chennai,18.0,4771000
2039,3,2.0,4,2.0,Hyderabad,21.0,3646000
3587,6,5.0,3,1.0,Bangalore,23.0,7806000
3096,3,3.0,3,1.0,Pune,10.0,4918000
2734,4,4.0,1,1.0,Hyderabad,12.0,4123000
2748,4,4.0,3,3.0,Mumbai,,9873000
1631,2,2.0,1,0.0,Chennai,4.0,2690000
1444,4,4.0,4,2.0,Chennai,20.0,3308000
3871,6,5.0,3,0.0,Pune,3.0,8297000
4176,6,5.0,2,3.0,Mumbai,3.0,15698000
686,2,1.0,4,0.0,Bangalore,3.0,1910000
2690,5,4.0,1,3.0,Pune,3.0,6735000
4056,6,5.0,4,1.0,Chennai,19.0,7461000
4292,6,5.0,1,2.0,Bangalore,20.0,10210000
4106,6,5.0,4,1.0,Delhi,17.0,11676000
1007,1,1.0,1,0.0,Mumbai,17.0,2912000
4154,6,5.0,3,1.0,Pune,15.0,7846000
3311,5,5.0,2,2.0,Mumbai,8.0,12727000
3688,6,5.0,1,1.0,Delhi,17.0,9713000
2268,4,4.0,4,2.0,Pune,21.0,5388000
747,1,1.0,1,2.0,Mumbai,1.0,3197000
2924,4,4.0,1,1.0,Pune,20.0,5659000
831,2,2.0,1,3.0,Pune,3.0,1500000
4497,6,5.0,4,0.0,Pune,11.0,10030000
2550,3,3.0,2,3.0,Mumbai,6.0,9278000
965,1,1.0,3,3.0,Hyderabad,14.0,2265000
3899,6,5.0,2,1.0,Delhi,6.0,11081000
2274,4,3.0,1,0.0,Delhi,28.0,5502000
1035,2,2.0,4,0.0,Hyderabad,21.0,1834000
998,2,2.0,2,3.0,Mumbai,25.0,3542000
1834,2,2.0,1,1.0,Hyderabad,20.0,2748000
2014,3,3.0,3,0.0,Bangalore,16.0,4782000
3146,4,4.0,3,3.0,Mumbai,15.0,11646000
3187,5,5.0,3,0.0,Hyderabad,27.0,5824000
1162,3,3.0,1,1.0,Mumbai,30.0,3820000
4162,6,5.0,4,1.0,Mumbai,18.0,15149000
3089,4,3.0,2,1.0,Chennai,8.0,5223000
1884,2,2.0,3,0.0,Hyderabad,30.0,3728000
1372,1,1.0,1,2.0,Bangalore,13.0,3849000
2997,4,4.0,1,0.0,Pune,16.0,6196000
2637,4,4.0,2,2.0,Delhi,4.0,6878000
4023,6,5.0,3,1.0,Pune,1.0,9177000
3167,5,5.0,1,3.0,Bangalore,19.0,7847000
1943,4,4.0,2,2.0,Pune,15.0,3949000
2785,5,5.0,4,1.0,Chennai,13.0,5233000
2173,3,3.0,4,1.0,Mumbai,13.0,7435000
4294,6,5.0,4,2.0,Hyderabad,26.0,8084000
1591,3,3.0,3,3.0,Mumbai,0.0,7489000
3015,6,5.0,2,1.0,Chennai,2.0,6554000
3891,6,5.0,2,2.0,Delhi,25.0,11985000
4008,6,5.0,1,3.0,Bangalore,6.0,9640000
1846,3,3.0,1,3.0,Pune,25.0,3440000
4319,6,5.0,1,1.0,Delhi,14.0,11314000
4439,6,5.0,2,0.0,Hyderabad,18.0,8483000
959,2,2.0,1,0.0,Delhi,19.0,2206000
1520,3,3.0,2,1.0,Pune,1.0,3854000
2976,6,5.0,2,3.0,Hyderabad,18.0,6441000
3609,5,4.0,4,1.0,Bangalore,8.0,8422000
3110,5,5.0,1,2.0,Pune,18.0,6226000
3593,6,5.0,4,0.0,Hyderabad,26.0,6978000
1562,2,1.0,3,2.0,Pune,4.0,3261000
4232,6,5.0,3,1.0,Bangalore,17.0,9505000
2427,4,4.0,3,1.0,Pune,15.0,4740000
4053,6,5.0,2,3.0,Hyderabad,3.0,8121000
3483,6,5.0,2,3.0,Delhi,11.0,10348000
2213,4,4.0,2,3.0,Delhi,28.0,6106000
2240,4,4.0,1,2.0,Delhi,6.0,6439000
2816,6,5.0,4,3.0,Mumbai,13.0,11476000
816,2,2.0,2,1.0,Hyderabad,22.0,1500000
